id,company_id,metric_id,value,year
1,1,1,205000000,2023
2,1,2,1.38,2023
3,1,3,50000000,2023
4,1,10,111,2023
5,1,14,0.45,2023
6,1,15,250000,2023
7,1,16,65,2023
8,1,17,1200000,2023
9,2,1,180000000,2023
10,2,2,2.5,2023
11,2,3,42000000,2023
12,2,10,95,2023
13,2,14,0.42,2023
14,2,15,210000,2023
15,2,16,67,2023
16,2,17,980000,2023
17,3,1,45000,2023
18,3,2,25,2023
19,3,3,12000,2023
20,3,4,35,2023
21,3,5,45,2023
22,4,1,1650000,2023
23,4,2,100,2023
24,4,3,1094000,2023
25,4,6,0.075,2023
26,4,7,82,2023
27,4,8,99,2023
28,4,9,25000,2023
29,4,10,3.8,2023
30,4,11,48,2023
31,4,12,65,2023
32,5,1,62000,2023
33,5,2,30,2023
34,5,3,18500,2023
35,5,4,28,2023
36,5,5,52,2023
37,6,1,1200000,2023
38,6,2,48,2023
39,6,3,950000,2023
40,6,6,0.078,2023
41,6,7,68,2023
42,6,8,72,2023
43,6,9,15000,2023
44,6,10,8.5,2023
45,6,11,48,2023
46,6,12,52,2023
47,7,1,168000000,2023
48,7,2,6.5,2023
49,7,3,35500000,2023
50,7,10,112,2023
51,7,14,0.78,2023
52,7,15,405000,2023
53,7,16,70,2023
54,7,17,1545000,2023
55,8,1,985000,2023
56,8,2,42,2023
57,8,3,875000,2023
58,8,6,0.092,2023
59,8,7,72,2023
60,8,8,68,2023
61,8,9,8500,2023
62,8,10,7.2,2023
63,8,11,45,2023
64,8,12,62,2023
65,9,1,1420000,2023
66,9,2,100,2023
67,9,3,462000,2023
68,9,6,0.068,2023
69,9,7,75,2023
70,9,8,88,2023
71,9,9,22000,2023
72,9,10,3.2,2023
73,9,11,52,2023
74,9,12,58,2023
75,10,1,63000,2023
76,10,2,47,2023
77,10,3,16800,2023
78,10,4,43,2023
79,10,5,62,2023
80,11,1,61000,2023
81,11,2,32,2023
82,11,3,20800,2023
83,11,4,26,2023
84,11,5,58,2023
85,12,1,154228091,2023
86,12,2,17.57,2023
87,12,3,32748695,2023
88,12,10,119,2023
89,12,14,0.821,2023
90,12,15,321940,2023
91,12,16,77.78,2023
92,12,17,1240933,2023
93,13,1,135000000,2023
94,13,2,5.6,2023
95,13,3,38800000,2023
96,13,10,101,2023
97,13,14,0.81,2023
98,13,15,298000,2023
99,13,16,81,2023
100,13,17,1322000,2023
101,14,1,59342,2023
102,14,2,51.11,2023
103,14,3,21244,2023
104,14,4,52.73,2023
105,14,5,71.94,2023
106,15,1,982000,2023
107,15,2,55,2023
108,15,3,945000,2023
109,15,6,0.098,2023
110,15,7,78,2023
111,15,8,82,2023
112,15,9,12000,2023
113,15,10,8.8,2023
114,15,11,58,2023
115,15,12,65,2023
116,16,1,162598171,2023
117,16,2,20.36,2023
118,16,3,33547725,2023
119,16,10,95,2023
120,16,14,0.748,2023
121,16,15,336661,2023
122,16,16,77.43,2023
123,16,17,1101421,2023
124,17,1,155109142,2023
125,17,2,21.91,2023
126,17,3,37701522,2023
127,17,10,98,2023
128,17,14,0.729,2023
129,17,15,302480,2023
130,17,16,96.77,2023
131,17,17,1320985,2023
132,18,1,1170296,2023
133,18,2,78.33,2023
134,18,3,801644,2023
135,18,6,0.099,2023
136,18,7,88.96,2023
137,18,8,95.95,2023
138,18,9,80564,2023
139,18,10,11,2023
140,18,11,72.94,2023
141,18,12,75.98,2023
142,19,1,64834,2023
143,19,2,39.28,2023
144,19,3,15850,2023
145,19,4,44.49,2023
146,19,5,61.16,2023
147,20,1,51000,2023
148,20,2,35,2023
149,20,3,17000,2023
150,20,4,32,2023
151,20,5,57,2023
152,21,1,1424183,2023
153,21,2,90.08,2023
154,21,3,818432,2023
155,21,6,0.12,2023
156,21,7,86.88,2023
157,21,8,87.48,2023
158,21,9,91282,2023
159,21,10,11,2023
160,21,11,57.03,2023
161,21,12,67.18,2023
162,22,1,112000000,2023
163,22,2,6.2,2023
164,22,3,36400000,2023
165,22,10,104,2023
166,22,14,0.65,2023
167,22,15,307000,2023
168,22,16,71,2023
169,22,17,1117000,2023
170,23,1,87000000,2023
171,23,2,15.8,2023
172,23,3,18900000,2023
173,23,10,78,2023
174,23,14,0.48,2023
175,23,15,165000,2023
176,23,16,76,2023
177,23,17,725000,2023
178,24,1,1291882,2023
179,24,2,69.92,2023
180,24,3,731474,2023
181,24,6,0.098,2023
182,24,7,85.15,2023
183,24,8,88.3,2023
184,24,9,69914,2023
185,24,10,9,2023
186,24,11,63.27,2023
187,24,12,71.34,2023
188,25,1,49000,2023
189,25,2,33,2023
190,25,3,15800,2023
191,25,4,34,2023
192,25,5,54,2023
193,26,1,48000,2023
194,26,2,42,2023
195,26,3,16200,2023
196,26,4,45,2023
197,26,5,61,2023
198,27,1,35000,2023
199,27,2,38,2023
200,27,3,11500,2023
201,27,4,41,2023
202,27,5,56,2023
203,28,1,129405861,2023
204,28,2,16.04,2023
205,28,3,28114171,2023
206,28,10,103,2023
207,28,14,0.659,2023
208,28,15,250175,2023
209,28,16,70.81,2023
210,28,17,1166324,2023
211,29,1,725000,2023
212,29,2,48,2023
213,29,3,625000,2023
214,29,6,0.082,2023
215,29,7,68,2023
216,29,8,75,2023
217,29,9,18500,2023
218,29,10,4.5,2023
219,29,11,55,2023
220,29,12,58,2023
221,30,1,47183,2023
222,30,2,43.61,2023
223,30,3,15194,2023
224,30,4,41.62,2023
225,30,5,52.7,2023
226,31,1,50084,2023
227,31,2,39.99,2023
228,31,3,16202,2023
229,31,4,39.82,2023
230,31,5,52.28,2023
231,32,1,123957587,2023
232,32,2,14.16,2023
233,32,3,26077954,2023
234,32,10,88,2023
235,32,14,0.626,2023
236,32,15,275720,2023
237,32,16,69.51,2023
238,32,17,1026453,2023
239,33,1,582000,2023
240,33,2,45,2023
241,33,3,485000,2023
242,33,6,0.086,2023
243,33,7,65,2023
244,33,8,78,2023
245,33,9,2500,2023
246,33,10,6.2,2023
247,33,11,42,2023
248,33,12,68,2023
249,34,1,1012702,2023
250,34,2,75.93,2023
251,34,3,719614,2023
252,34,6,0.09,2023
253,34,7,70.01,2023
254,34,8,88.54,2023
255,34,9,78146,2023
256,34,10,10,2023
257,34,11,51.81,2023
258,34,12,51.51,2023
259,35,1,968030,2023
260,35,2,64.25,2023
261,35,3,645031,2023
262,35,6,0.082,2023
263,35,7,79.36,2023
264,35,8,68.57,2023
265,35,9,71881,2023
266,35,10,9,2023
267,35,11,63.38,2023
268,35,12,51.71,2023
269,36,1,185000,2023
270,36,2,32,2023
271,36,3,152000,2023
272,36,10,2.8,2023
273,36,12,35,2023
274,36,13,6500,2023
275,36,7,48,2023
276,37,1,52150,2023
277,37,2,35.55,2023
278,37,3,15757,2023
279,37,4,39.68,2023
280,37,5,50.97,2023
281,38,1,515000,2023
282,38,2,52,2023
283,38,3,425000,2023
284,38,6,0.078,2023
285,38,7,82,2023
286,38,8,88,2023
287,38,9,3200,2023
288,38,10,12.5,2023
289,38,11,48,2023
290,38,12,72,2023
291,39,1,95000000,2023
292,39,2,12.5,2023
293,39,3,22500000,2023
294,39,10,89,2023
295,39,14,0.52,2023
296,39,15,185000,2023
297,39,16,74,2023
298,39,17,845000,2023
299,40,1,103206300,2023
300,40,2,16.57,2023
301,40,3,22826037,2023
302,40,10,92,2023
303,40,14,0.607,2023
304,40,15,228340,2023
305,40,16,58.2,2023
306,40,17,1030694,2023
307,41,1,32000,2023
308,41,2,48,2023
309,41,3,10200,2023
310,41,4,48,2023
311,41,5,63,2023
312,42,1,916400,2023
313,42,2,61.9,2023
314,42,3,675557,2023
315,42,6,0.076,2023
316,42,7,71.8,2023
317,42,8,61.16,2023
318,42,9,54843,2023
319,42,10,9,2023
320,42,11,50.09,2023
321,42,12,47.83,2023
322,43,1,1011125,2023
323,43,2,61.08,2023
324,43,3,555770,2023
325,43,6,0.086,2023
326,43,7,73.57,2023
327,43,8,72.67,2023
328,43,9,71159,2023
329,43,10,8,2023
330,43,11,49.6,2023
331,43,12,57.22,2023
332,44,1,385000,2023
333,44,2,38,2023
334,44,3,315000,2023
335,44,10,12.5,2023
336,44,18,65,2023
337,44,20,52,2023
338,44,11,65,2023
339,44,21,28,2023
340,45,1,45723,2023
341,45,2,27.46,2023
342,45,3,11642,2023
343,45,4,37.25,2023
344,45,5,48.44,2023
345,46,1,106806635,2023
346,46,2,14.34,2023
347,46,3,25901316,2023
348,46,10,75,2023
349,46,14,0.457,2023
350,46,15,193089,2023
351,46,16,50.95,2023
352,46,17,825966,2023
353,47,1,46756,2023
354,47,2,32.9,2023
355,47,3,11826,2023
356,47,4,34.81,2023
357,47,5,45.36,2023
358,48,1,47070,2023
359,48,2,30.88,2023
360,48,3,12662,2023
361,48,4,28.67,2023
362,48,5,46.19,2023
363,49,1,72000000,2023
364,49,2,28.5,2023
365,49,3,14200000,2023
366,49,10,68,2023
367,49,14,0.42,2023
368,49,15,142000,2023
369,49,16,78,2023
370,49,17,615000,2023
371,50,1,90601668,2023
372,50,2,11.56,2023
373,50,3,24010297,2023
374,50,10,64,2023
375,50,14,0.426,2023
376,50,15,195336,2023
377,50,16,55.37,2023
378,50,17,833036,2023
379,51,1,128000,2023
380,51,2,35,2023
381,51,3,105000,2023
382,51,10,2.2,2023
383,51,12,42,2023
384,51,13,5800,2023
385,51,7,52,2023
386,52,1,755387,2023
387,52,2,51.15,2023
388,52,3,500310,2023
389,52,6,0.066,2023
390,52,7,48.66,2023
391,52,8,51.62,2023
392,52,9,55951,2023
393,52,10,8,2023
394,52,11,46.06,2023
395,52,12,45.74,2023
396,53,1,78587138,2023
397,53,2,10.51,2023
398,53,3,20556384,2023
399,53,10,58,2023
400,53,14,0.4,2023
401,53,15,196311,2023
402,53,16,50.84,2023
403,53,17,844232,2023
404,54,1,32450,2023
405,54,2,27.72,2023
406,54,3,10125,2023
407,54,4,28.03,2023
408,54,5,34.1,2023
409,55,1,32519,2023
410,55,2,25.42,2023
411,55,3,10251,2023
412,55,4,27.24,2023
413,55,5,35.94,2023
414,56,1,38826,2023
415,56,2,28.57,2023
416,56,3,12426,2023
417,56,4,29.16,2023
418,56,5,35.42,2023
419,57,1,78793973,2023
420,57,2,11.47,2023
421,57,3,18439270,2023
422,57,10,65,2023
423,57,14,0.443,2023
424,57,15,173798,2023
425,57,16,46.74,2023
426,57,17,719323,2023
427,58,1,73131573,2023
428,58,2,9.96,2023
429,58,3,19691441,2023
430,58,10,56,2023
431,58,14,0.444,2023
432,58,15,178214,2023
433,58,16,55.23,2023
434,58,17,845877,2023
435,59,1,298717,2023
436,59,2,45.3,2023
437,59,3,225072,2023
438,59,10,14,2023
439,59,18,60,2023
440,59,20,60.92,2023
441,59,11,61.82,2023
442,59,21,32.78,2023
443,60,1,58000000,2023
444,60,2,2.8,2023
445,60,3,12800000,2023
446,60,10,52,2023
447,60,14,0.58,2023
448,60,15,128000,2023
449,60,16,68,2023
450,60,17,485000,2023
451,61,1,38853,2023
452,61,2,22.9,2023
453,61,3,10975,2023
454,61,4,32.1,2023
455,61,5,39.35,2023
456,62,1,84766397,2023
457,62,2,12.68,2023
458,62,3,18827844,2023
459,62,10,54,2023
460,62,14,0.45,2023
461,62,15,204755,2023
462,62,16,54.85,2023
463,62,17,721901,2023
464,63,1,718908,2023
465,63,2,52.46,2023
466,63,3,493914,2023
467,63,6,0.071,2023
468,63,7,60.34,2023
469,63,8,56.51,2023
470,63,9,52157,2023
471,63,10,7,2023
472,63,11,45.19,2023
473,63,12,42.22,2023
474,64,1,74449112,2023
475,64,2,11.83,2023
476,64,3,20873605,2023
477,64,10,55,2023
478,64,14,0.391,2023
479,64,15,189518,2023
480,64,16,41.65,2023
481,64,17,771378,2023
482,65,1,215000,2023
483,65,2,35,2023
484,65,3,178000,2023
485,65,10,7.2,2023
486,65,18,48,2023
487,65,20,48,2023
488,65,11,72,2023
489,65,21,22,2023
490,66,1,87114880,2023
491,66,2,10.43,2023
492,66,3,19723473,2023
493,66,10,65,2023
494,66,14,0.458,2023
495,66,15,173677,2023
496,66,16,44.42,2023
497,66,17,721542,2023
498,67,1,198000,2023
499,67,2,32,2023
500,67,3,165000,2023
501,67,10,6.8,2023
502,67,18,58,2023
503,67,20,45,2023
504,67,11,68,2023
505,67,21,18,2023
506,68,1,185000,2023
507,68,2,34,2023
508,68,3,152000,2023
509,68,10,6.2,2023
510,68,18,52,2023
511,68,20,48,2023
512,68,11,65,2023
513,68,21,24,2023
514,69,1,220691,2023
515,69,2,42.41,2023
516,69,3,203630,2023
517,69,10,10,2023
518,69,18,54,2023
519,69,20,49.77,2023
520,69,11,50.26,2023
521,69,21,29.62,2023
522,70,1,692273,2023
523,70,2,60.46,2023
524,70,3,585200,2023
525,70,6,0.065,2023
526,70,7,57.5,2023
527,70,8,61.68,2023
528,70,9,54604,2023
529,70,10,7,2023
530,70,11,36.57,2023
531,70,12,40.92,2023
532,71,1,172000,2023
533,71,2,36,2023
534,71,3,142000,2023
535,71,10,5.8,2023
536,71,18,55,2023
537,71,20,52,2023
538,71,11,70,2023
539,71,21,26,2023
540,72,1,28397,2023
541,72,2,25.23,2023
542,72,3,9107,2023
543,72,4,23.44,2023
544,72,5,33.45,2023
545,73,1,663486,2023
546,73,2,37.87,2023
547,73,3,477397,2023
548,73,6,0.064,2023
549,73,7,42.16,2023
550,73,8,50.53,2023
551,73,9,47164,2023
552,73,10,5,2023
553,73,11,34.62,2023
554,73,12,39.04,2023
555,74,1,78783083,2023
556,74,2,8.72,2023
557,74,3,18879311,2023
558,74,10,47,2023
559,74,14,0.416,2023
560,74,15,176163,2023
561,74,16,47.73,2023
562,74,17,520559,2023
563,75,1,65936133,2023
564,75,2,9.26,2023
565,75,3,16864739,2023
566,75,10,48,2023
567,75,14,0.355,2023
568,75,15,173203,2023
569,75,16,44.95,2023
570,75,17,647771,2023
571,76,1,119170,2023
572,76,2,24.37,2023
573,76,3,90169,2023
574,76,10,7,2023
575,76,12,35.49,2023
576,76,13,4640,2023
577,76,7,51.37,2023
578,77,1,72529494,2023
579,77,2,9.47,2023
580,77,3,18917063,2023
581,77,10,57,2023
582,77,14,0.319,2023
583,77,15,140697,2023
584,77,16,42.3,2023
585,77,17,673512,2023
586,78,1,59562393,2023
587,78,2,9.5,2023
588,78,3,17845823,2023
589,78,10,56,2023
590,78,14,0.405,2023
591,78,15,168741,2023
592,78,16,38.08,2023
593,78,17,511731,2023
594,79,1,158000,2023
595,79,2,33,2023
596,79,3,132000,2023
597,79,10,5.4,2023
598,79,18,52,2023
599,79,20,48,2023
600,79,11,68,2023
601,79,21,22,2023
602,80,1,98000,2023
603,80,2,45,2023
604,80,3,82000,2023
605,80,10,1.8,2023
606,80,12,48,2023
607,80,13,7200,2023
608,80,7,55,2023
609,81,1,68112680,2023
610,81,2,10.28,2023
611,81,3,14677456,2023
612,81,10,45,2023
613,81,14,0.375,2023
614,81,15,156401,2023
615,81,16,35.2,2023
616,81,17,583448,2023
617,82,1,208476,2023
618,82,2,36.67,2023
619,82,3,191437,2023
620,82,10,12,2023
621,82,18,49,2023
622,82,20,41.07,2023
623,82,11,58.56,2023
624,82,21,22.81,2023
625,83,1,30402,2023
626,83,2,22.22,2023
627,83,3,8268,2023
628,83,4,19.7,2023
629,83,5,31.98,2023
630,84,1,70868690,2023
631,84,2,7.76,2023
632,84,3,15699898,2023
633,84,10,54,2023
634,84,14,0.302,2023
635,84,15,146931,2023
636,84,16,34.52,2023
637,84,17,517058,2023
638,85,1,25087,2023
639,85,2,22.33,2023
640,85,3,8861,2023
641,85,4,20.1,2023
642,85,5,29.01,2023
643,86,1,65176382,2023
644,86,2,8.46,2023
645,86,3,17559666,2023
646,86,10,44,2023
647,86,14,0.372,2023
648,86,15,136743,2023
649,86,16,36.02,2023
650,86,17,495855,2023
651,87,1,53542973,2023
652,87,2,7.37,2023
653,87,3,15053834,2023
654,87,10,47,2023
655,87,14,0.342,2023
656,87,15,126986,2023
657,87,16,36.83,2023
658,87,17,464844,2023
659,88,1,230611,2023
660,88,2,27.82,2023
661,88,3,142253,2023
662,88,10,9,2023
663,88,18,39,2023
664,88,20,43.31,2023
665,88,11,46.3,2023
666,88,21,25.16,2023
667,89,1,75000,2023
668,89,2,48,2023
669,89,3,62000,2023
670,89,6,0.054,2023
671,89,7,62,2023
672,89,8,45.56,2023
673,89,9,40930,2023
674,89,10,1.9,2023
675,89,11,28.25,2023
676,89,12,55,2023
677,90,1,42000000,2023
678,90,2,8.5,2023
679,90,3,8500000,2023
680,90,10,38,2023
681,90,14,0.62,2023
682,90,15,92000,2023
683,90,16,72,2023
684,90,17,365000,2023
685,91,1,145000,2023
686,91,2,52,2023
687,91,3,118000,2023
688,91,10,18.5,2023
689,91,18,42,2023
690,91,20,58,2023
691,91,11,75,2023
692,91,21,38,2023
693,92,1,132000,2023
694,92,2,38,2023
695,92,3,108000,2023
696,92,10,4.8,2023
697,92,18,48,2023
698,92,20,55,2023
699,92,11,68,2023
700,92,21,28,2023
701,93,1,128000,2023
702,93,2,35,2023
703,93,3,105000,2023
704,93,10,4.5,2023
705,93,18,52,2023
706,93,20,48,2023
707,93,11,65,2023
708,93,21,24,2023
709,94,1,471181,2023
710,94,2,36.02,2023
711,94,3,372844,2023
712,94,6,0.051,2023
713,94,7,34.53,2023
714,94,8,34.26,2023
715,94,9,32136,2023
716,94,10,4,2023
717,94,11,26.34,2023
718,94,12,28.01,2023
719,95,1,47609311,2023
720,95,2,8.83,2023
721,95,3,12964843,2023
722,95,10,38,2023
723,95,14,0.32,2023
724,95,15,126251,2023
725,95,16,36.95,2023
726,95,17,449216,2023
727,96,1,122000,2023
728,96,2,48,2023
729,96,3,98000,2023
730,96,10,16.2,2023
731,96,18,38,2023
732,96,20,58,2023
733,96,11,72,2023
734,96,21,35,2023
735,97,1,22159,2023
736,97,2,17.87,2023
737,97,3,7217,2023
738,97,4,21.26,2023
739,97,5,26.53,2023
740,98,1,569179,2023
741,98,2,36.58,2023
742,98,3,296933,2023
743,98,6,0.049,2023
744,98,7,39.99,2023
745,98,8,38.12,2023
746,98,9,31337,2023
747,98,10,5,2023
748,98,11,26.56,2023
749,98,12,25.56,2023
750,99,1,488801,2023
751,99,2,37.71,2023
752,99,3,308739,2023
753,99,6,0.045,2023
754,99,7,31.8,2023
755,99,8,39.31,2023
756,99,9,29468,2023
757,99,10,4,2023
758,99,11,25.06,2023
759,99,12,25.71,2023
760,100,1,47980237,2023
761,100,2,7.35,2023
762,100,3,13874085,2023
763,100,10,38,2023
764,100,14,0.25,2023
765,100,15,114145,2023
766,100,16,30.88,2023
767,100,17,467204,2023
768,101,1,25873,2023
769,101,2,17.02,2023
770,101,3,6015,2023
771,101,4,16.38,2023
772,101,5,24.09,2023
773,102,1,165000,2023
774,102,2,38,2023
775,102,3,135000,2023
776,102,6,0.092,2023
777,102,7,62,2023
778,102,8,65,2023
779,102,9,12500,2023
780,102,10,2.1,2023
781,102,11,68,2023
782,102,12,52,2023
783,103,1,438382,2023
784,103,2,36.92,2023
785,103,3,283783,2023
786,103,6,0.042,2023
787,103,7,36.46,2023
788,103,8,35.7,2023
789,103,9,35130,2023
790,103,10,4,2023
791,103,11,25.86,2023
792,103,12,26.33,2023
793,104,1,49689398,2023
794,104,2,7.9,2023
795,104,3,12293162,2023
796,104,10,33,2023
797,104,14,0.267,2023
798,104,15,130670,2023
799,104,16,33.66,2023
800,104,17,451155,2023
801,105,1,59087217,2023
802,105,2,6.81,2023
803,105,3,11871398,2023
804,105,10,37,2023
805,105,14,0.27,2023
806,105,15,107635,2023
807,105,16,28.73,2023
808,105,17,521638,2023
809,106,1,51217900,2023
810,106,2,8.08,2023
811,106,3,12878365,2023
812,106,10,37,2023
813,106,14,0.303,2023
814,106,15,102610,2023
815,106,16,34.46,2023
816,106,17,443959,2023
817,107,1,22610,2023
818,107,2,17.67,2023
819,107,3,5827,2023
820,107,4,17.17,2023
821,107,5,24.81,2023
822,108,1,21306,2023
823,108,2,15.86,2023
824,108,3,6733,2023
825,108,4,16.24,2023
826,108,5,23.87,2023
827,109,1,511560,2023
828,109,2,30.89,2023
829,109,3,291801,2023
830,109,6,0.041,2023
831,109,7,36.68,2023
832,109,8,37.19,2023
833,109,9,27917,2023
834,109,10,4,2023
835,109,11,23.54,2023
836,109,12,27.57,2023
837,110,1,180750,2023
838,110,2,28.07,2023
839,110,3,118247,2023
840,110,10,7,2023
841,110,18,37,2023
842,110,20,34.06,2023
843,110,11,39.06,2023
844,110,21,16.41,2023
845,111,1,471188,2023
846,111,2,32.01,2023
847,111,3,334510,2023
848,111,6,0.038,2023
849,111,7,34.76,2023
850,111,8,36.92,2023
851,111,9,31797,2023
852,111,10,4,2023
853,111,11,22.68,2023
854,111,12,26.3,2023
855,112,1,40656171,2023
856,112,2,7.39,2023
857,112,3,12313425,2023
858,112,10,31,2023
859,112,14,0.283,2023
860,112,15,113147,2023
861,112,16,28.3,2023
862,112,17,396730,2023
863,113,1,465779,2023
864,113,2,34.21,2023
865,113,3,274579,2023
866,113,6,0.035,2023
867,113,7,26.53,2023
868,113,8,27.27,2023
869,113,9,31034,2023
870,113,10,3,2023
871,113,11,21.52,2023
872,113,12,25.44,2023
873,114,1,436266,2023
874,114,2,33.17,2023
875,114,3,272814,2023
876,114,6,0.037,2023
877,114,7,29.61,2023
878,114,8,27.6,2023
879,114,9,26678,2023
880,114,10,4,2023
881,114,11,25.7,2023
882,114,12,21.25,2023
883,115,1,17662,2023
884,115,2,14.05,2023
885,115,3,6119,2023
886,115,4,17.33,2023
887,115,5,20.23,2023
888,116,1,39595415,2023
889,116,2,7.27,2023
890,116,3,11703461,2023
891,116,10,37,2023
892,116,14,0.22,2023
893,116,15,108042,2023
894,116,16,31.43,2023
895,116,17,379217,2023
896,117,1,154897,2023
897,117,2,24.73,2023
898,117,3,121638,2023
899,117,10,8,2023
900,117,18,36,2023
901,117,20,31.6,2023
902,117,11,36.01,2023
903,117,21,18.89,2023
904,118,1,28000,2023
905,118,2,52,2023
906,118,3,8800,2023
907,118,4,55,2023
908,118,5,68,2023
909,119,1,369273,2023
910,119,2,24.07,2023
911,119,3,295368,2023
912,119,6,0.039,2023
913,119,7,30.24,2023
914,119,8,31.01,2023
915,119,9,23096,2023
916,119,10,3,2023
917,119,11,22.78,2023
918,120,12,21.87,2023
919,120,1,19442,2023
920,120,2,15.65,2023
921,120,3,5470,2023
922,120,4,13.9,2023
923,120,5,18.1,2023
924,121,1,413581,2023
925,121,2,25.86,2023
926,121,3,286952,2023
927,121,6,0.031,2023
928,121,7,31.23,2023
929,121,8,30.27,2023
930,121,9,30721,2023
931,121,10,4,2023
932,121,11,19.77,2023
933,121,12,21.79,2023
934,122,1,19858,2023
935,122,2,12.55,2023
936,122,3,6429,2023
937,122,4,15.95,2023
938,122,5,18.11,2023
939,123,1,363440,2023
940,123,2,29.06,2023
941,123,3,276158,2023
942,123,6,0.039,2023
943,123,7,27.08,2023
944,123,8,29.82,2023
945,123,9,26289,2023
946,123,10,3,2023
947,123,11,24.6,2023
948,123,12,18.48,2023
949,124,1,52000,2023
950,124,2,28,2023
951,124,3,45000,2023
952,124,10,1.2,2023
953,124,12,32,2023
954,124,13,7800,2023
955,124,7,42,2023
956,125,1,46916135,2023
957,125,2,6.84,2023
958,125,3,9240294,2023
959,125,10,32,2023
960,125,14,0.255,2023
961,125,15,87488,2023
962,125,16,27.5,2023
963,125,17,351520,2023
964,126,1,38958515,2023
965,126,2,6.24,2023
966,126,3,9154416,2023
967,126,10,33,2023
968,126,14,0.219,2023
969,126,15,80418,2023
970,126,16,27.5,2023
971,126,17,411950,2023
972,127,1,375470,2023
973,127,2,28.31,2023
974,127,3,271209,2023
975,127,6,0.03,2023
976,127,7,23.65,2023
977,127,8,28.04,2023
978,127,9,22503,2023
979,127,10,4,2023
980,127,11,18.85,2023
981,127,12,19.95,2023
982,128,1,41308390,2023
983,128,2,6.04,2023
984,128,3,10723147,2023
985,128,10,32,2023
986,128,14,0.239,2023
987,128,15,86047,2023
988,128,16,27.5,2023
989,128,17,399041,2023
990,129,1,130192,2023
991,129,2,20.85,2023
992,129,3,95304,2023
993,129,10,7,2023
994,129,18,33,2023
995,129,20,30.02,2023
996,129,11,29.63,2023
997,129,21,17.35,2023
998,130,1,128286,2023
999,130,2,18.67,2023
1000,130,3,98034,2023
1001,130,10,7,2023
1002,130,18,30,2023
1003,130,20,22.12,2023
1004,130,11,29.47,2023
1005,130,21,16.49,2023
1006,131,1,142000,2023
1007,131,2,62,2023
1008,131,3,118000,2023
1009,131,6,0.058,2023
1010,131,7,75,2023
1011,131,8,82,2023
1012,131,9,8500,2023
1013,131,10,1.8,2023
1014,131,11,45,2023
1015,131,12,68,2023
1016,132,1,34466553,2023
1017,132,2,6.16,2023
1018,132,3,9704871,2023
1019,132,10,29,2023
1020,132,14,0.188,2023
1021,132,15,83776,2023
1022,132,16,27.5,2023
1023,132,17,380373,2023
1024,133,1,56239,2023
1025,133,2,14.47,2023
1026,133,3,49421,2023
1027,133,10,4,2023
1028,133,12,18.92,2023
1029,133,13,2297,2023
1030,133,7,28.26,2023
1031,134,1,37691146,2023
1032,134,2,4.65,2023
1033,134,3,8574443,2023
1034,134,10,24,2023
1035,134,14,0.21,2023
1036,134,15,77365,2023
1037,134,16,27.5,2023
1038,134,17,327246,2023
1039,135,1,16754,2023
1040,135,2,11.57,2023
1041,135,3,4955,2023
1042,135,4,12.36,2023
1043,135,5,18.58,2023
1044,136,1,386389,2023
1045,136,2,26.05,2023
1046,136,3,235603,2023
1047,136,6,0.028,2023
1048,136,7,27.27,2023
1049,136,8,28.89,2023
1050,136,9,23583,2023
1051,136,10,3,2023
1052,136,11,20.67,2023
1053,136,12,17.96,2023
1054,137,1,106774,2023
1055,137,2,20.72,2023
1056,137,3,97060,2023
1057,137,10,6,2023
1058,137,18,30,2023
1059,137,20,23.3,2023
1060,137,11,28.61,2023
1061,137,21,14.66,2023
1062,138,1,356332,2023
1063,138,2,21,2023
1064,138,3,236918,2023
1065,138,6,0.031,2023
1066,138,7,22.5,2023
1067,138,8,24.35,2023
1068,138,9,21680,2023
1069,138,10,3,2023
1070,138,11,15.16,2023
1071,138,12,15.28,2023
1072,139,1,324912,2023
1073,139,2,23.2,2023
1074,139,3,225572,2023
1075,139,6,0.033,2023
1076,139,7,26.2,2023
1077,139,8,26.13,2023
1078,139,9,22686,2023
1079,139,10,3,2023
1080,139,11,15.59,2023
1081,139,12,19.55,2023
1082,140,1,324189,2023
1083,140,2,23.01,2023
1084,140,3,186576,2023
1085,140,6,0.028,2023
1086,140,7,22.5,2023
1087,140,8,26.04,2023
1088,140,9,23202,2023
1089,140,10,3,2023
1090,140,11,17.09,2023
1091,140,12,19.32,2023
1092,141,1,31373191,2023
1093,141,2,4.49,2023
1094,141,3,8411372,2023
1095,141,10,23,2023
1096,141,14,0.181,2023
1097,141,15,86737,2023
1098,141,16,27.5,2023
1099,141,17,266387,2023
1100,142,1,39200445,2023
1101,142,2,4.68,2023
1102,142,3,8398889,2023
1103,142,10,26,2023
1104,142,14,0.216,2023
1105,142,15,76178,2023
1106,142,16,27.5,2023
1107,142,17,285394,2023
1108,143,1,13938,2023
1109,143,2,12.41,2023
1110,143,3,4443,2023
1111,143,4,12.18,2023
1112,143,5,15,2023
1113,144,1,37110036,2023
1114,144,2,4.25,2023
1115,144,3,9484479,2023
1116,144,10,26,2023
1117,144,14,0.175,2023
1118,144,15,72469,2023
1119,144,16,27.5,2023
1120,144,17,316551,2023
1121,145,1,327874,2023
1122,145,2,24.32,2023
1123,145,3,219719,2023
1124,145,6,0.031,2023
1125,145,7,22.58,2023
1126,145,8,23.03,2023
1127,145,9,20583,2023
1128,145,10,3,2023
1129,145,11,17.17,2023
1130,145,12,17,2023
1131,146,1,286812,2023
1132,146,2,23.18,2023
1133,146,3,234557,2023
1134,146,6,0.028,2023
1135,146,7,22.5,2023
1136,146,8,20.21,2023
1137,146,9,21857,2023
1138,146,10,3,2023
1139,146,11,15.15,2023
1140,146,12,14.53,2023
1141,147,1,16067,2023
1142,147,2,10.3,2023
1143,147,3,3882,2023
1144,147,4,12.24,2023
1145,148,5,15,2023
1146,148,1,30105537,2023
1147,148,2,5.2,2023
1148,148,3,8144838,2023
1149,148,10,25,2023
1150,148,14,0.204,2023
1151,148,15,80115,2023
1152,148,16,27.5,2023
1153,148,17,327694,2023
1154,149,1,31152612,2023
1155,149,2,4.83,2023
1156,149,3,8028164,2023
1157,149,10,25,2023
1158,149,14,0.175,2023
1159,149,15,67708,2023
1160,149,16,27.5,2023
1161,149,17,286713,2023
1162,150,1,116791,2023
1163,150,2,16.85,2023
1164,150,3,92830,2023
1165,150,10,5,2023
1166,150,18,25,2023
1167,150,20,22.14,2023
1168,150,11,27.21,2023
1169,150,21,13.83,2023
1170,151,1,335997,2023
1171,151,2,21.49,2023
1172,151,3,210903,2023
1173,151,6,0.029,2023
1174,151,7,22.5,2023
1175,151,8,21.74,2023
1176,151,9,21038,2023
1177,151,10,3,2023
1178,151,11,14.53,2023
1179,151,12,16.46,2023
1180,152,1,334263,2023
1181,152,2,17.51,2023
1182,152,3,222523,2023
1183,152,6,0.028,2023
1184,152,7,22.5,2023
1185,152,8,19.79,2023
1186,152,9,19757,2023
1187,152,10,3,2023
1188,152,11,17.66,2023
1189,152,12,17.33,2023
1190,153,1,35133768,2023
1191,153,2,4.82,2023
1192,153,3,7022197,2023
1193,153,10,27,2023
1194,153,14,0.175,2023
1195,153,15,78658,2023
1196,153,16,27.5,2023
1197,153,17,268015,2023
1198,154,1,307501,2023
1199,154,2,21.56,2023
1200,154,3,180066,2023
1201,154,6,0.028,2023
1202,154,7,23.01,2023
1203,154,8,19.02,2023
1204,154,9,18271,2023
1205,154,10,3,2023
1206,154,11,16.09,2023
1207,154,12,15.32,2023
1208,155,1,28755935,2023
1209,155,2,3.85,2023
1210,155,3,7765705,2023
1211,155,10,21,2023
1212,155,14,0.175,2023
1213,155,15,70213,2023
1214,155,16,27.5,2023
1215,155,17,280792,2023
1216,156,1,12633,2023
1217,156,2,10.72,2023
1218,156,3,3860,2023
1219,156,4,9.29,2023
1220,156,5,15,2023
1221,157,1,12475,2023
1222,157,2,9.91,2023
1223,157,3,3625,2023
1224,157,4,11.22,2023
1225,157,5,15,2023
1226,158,1,108599,2023
1227,158,2,15.24,2023
1228,158,3,70612,2023
1229,158,10,5,2023
1230,158,18,25,2023
1231,158,20,18.87,2023
1232,158,11,23.38,2023
1233,158,21,11.39,2023
1234,159,1,29832339,2023
1235,159,2,3.6,2023
1236,159,3,6551400,2023
1237,159,10,20,2023
1238,159,14,0.179,2023
1239,159,15,59458,2023
1240,159,16,27.5,2023
1241,159,17,286381,2023
1242,160,1,14109,2023
1243,160,2,8.11,2023
1244,160,3,3873,2023
1245,160,4,10.48,2023
1246,160,5,15.06,2023
1247,161,1,28416180,2023
1248,161,2,3.76,2023
1249,161,3,6839915,2023
1250,161,10,20,2023
1251,161,14,0.175,2023
1252,161,15,62234,2023
1253,161,16,27.5,2023
1254,161,17,274961,2023
1255,162,1,95441,2023
1256,162,2,14.53,2023
1257,162,3,65447,2023
1258,162,10,4,2023
1259,162,18,21,2023
1260,162,20,20.12,2023
1261,162,11,25.22,2023
1262,162,21,10.9,2023
1263,163,1,81164,2023
1264,163,2,14.44,2023
1265,163,3,72863,2023
1266,163,10,4,2023
1267,163,18,16,2023
1268,163,20,19.33,2023
1269,163,11,22.82,2023
1270,163,21,11.36,2023
1271,164,1,235416,2023
1272,164,2,18.06,2023
1273,164,3,181106,2023
1274,164,6,0.028,2023
1275,164,7,22.5,2023
1276,164,8,17.5,2023
1277,164,9,15940,2023
1278,164,10,2,2023
1279,164,11,12.5,2023
1280,164,12,14.32,2023
1281,165,1,10855,2023
1282,165,2,7.93,2023
1283,165,3,3301,2023
1284,165,4,8.55,2023
1285,165,5,15,2023
1286,166,1,25638068,2023
1287,166,2,3.83,2023
1288,166,3,6449327,2023
1289,166,10,19,2023
1290,166,14,0.175,2023
1291,166,15,49802,2023
1292,166,16,27.5,2023
1293,166,17,255400,2023
1294,167,1,11596,2023
1295,167,2,8.79,2023
1296,167,3,3364,2023
1297,167,4,9.79,2023
1298,167,5,15,2023
1299,168,1,216829,2023
1300,168,2,16.69,2023
1301,168,3,169367,2023
1302,168,6,0.028,2023
1303,168,7,22.5,2023
1304,168,8,18.43,2023
1305,168,9,12937,2023
1306,168,10,2,2023
1307,168,11,12.5,2023
1308,168,12,12.5,2023
1309,169,1,27434969,2023
1310,169,2,3.37,2023
1311,169,3,6128640,2023
1312,169,10,15,2023
1313,169,14,0.175,2023
1314,169,15,48997,2023
1315,169,16,27.5,2023
1316,169,17,218854,2023
1317,170,1,218758,2023
1318,170,2,14.91,2023
1319,170,3,171108,2023
1320,170,6,0.028,2023
1321,170,7,22.5,2023
1322,170,8,17.5,2023
1323,170,9,13173,2023
1324,170,10,2,2023
1325,170,11,13.09,2023
1326,170,12,13.23,2023
1327,171,1,85759,2023
1328,171,2,12.07,2023
1329,171,3,58917,2023
1330,171,10,4,2023
1331,171,18,18,2023
1332,171,20,16.35,2023
1333,171,11,19.84,2023
1334,171,21,9.94,2023
1335,172,1,25815371,2023
1336,172,2,3.81,2023
1337,172,3,6730562,2023
1338,172,10,23,2023
1339,172,14,0.175,2023
1340,172,15,54444,2023
1341,172,16,27.5,2023
1342,172,17,259035,2023
1343,173,1,219447,2023
1344,173,2,16.46,2023
1345,173,3,152692,2023
1346,173,6,0.028,2023
1347,173,7,22.5,2023
1348,173,8,17.5,2023
1349,173,9,14201,2023
1350,173,10,2,2023
1351,173,11,12.5,2023
1352,173,12,12.97,2023
1353,174,1,89542,2023
1354,174,2,13.7,2023
1355,174,3,59435,2023
1356,174,10,4,2023
1357,174,18,19,2023
1358,174,20,14.49,2023
1359,174,11,18.88,2023
1360,174,21,8.04,2023
1361,175,1,9419,2023
1362,175,2,7.5,2023
1363,175,3,3131,2023
1364,175,4,7.59,2023
1365,175,5,15,2023
1366,176,1,201203,2023
1367,176,2,15.26,2023
1368,176,3,151581,2023
1369,176,6,0.028,2023
1370,176,7,22.5,2023
1371,176,8,17.5,2023
1372,176,9,13199,2023
1373,176,10,2,2023
1374,176,11,12.5,2023
1375,176,12,12.7,2023
1376,177,1,73291,2023
1377,177,2,10.44,2023
1378,177,3,64967,2023
1379,177,10,3,2023
1380,177,18,17,2023
1381,177,20,15.95,2023
1382,177,11,17.5,2023
1383,178,21,8.36,2023
1384,178,1,10164,2023
1385,178,2,7.5,2023
1386,178,3,3001,2023
1387,178,4,7.5,2023
1388,178,5,15,2023
1389,179,1,199193,2023
1390,179,2,15.27,2023
1391,179,3,125553,2023
1392,179,6,0.028,2023
1393,179,7,22.5,2023
1394,179,8,17.5,2023
1395,179,9,14201,2023
1396,179,10,2,2023
1397,179,11,12.5,2023
1398,179,12,12.5,2023
1399,180,1,166775,2023
1400,180,2,13.47,2023
1401,180,3,137864,2023
1402,180,6,0.028,2023
1403,180,7,22.5,2023
1404,180,8,17.5,2023
1405,180,9,14098,2023
1406,180,10,1,2023
1407,180,11,12.5,2023
1408,180,12,12.5,2023
1409,181,1,22658320,2023
1410,181,2,2.53,2023
1411,181,3,5235331,2023
1412,181,10,16,2023
1413,181,14,0.175,2023
1414,181,15,42203,2023
1415,181,16,27.5,2023
1416,181,17,199793,2023
1417,182,1,20112948,2023
1418,182,2,2.61,2023
1419,182,3,4923260,2023
1420,182,10,15,2023
1421,182,14,0.175,2023
1422,182,15,41400,2023
1423,182,16,27.5,2023
1424,182,17,180803,2023
1425,183,1,9693,2023
1426,183,2,7.5,2023
1427,183,3,2629,2023
1428,183,4,7.5,2023
1429,183,5,15,2023
1430,184,1,17183812,2023
1431,184,2,2.64,2023
1432,184,3,5146390,2023
1433,184,10,15,2023
1434,184,14,0.175,2023
1435,184,15,46780,2023
1436,184,16,27.5,2023
1437,184,17,164453,2023
1438,185,1,7508,2023
1439,185,2,7.5,2023
1440,185,3,2302,2023
1441,185,4,7.5,2023
1442,185,5,15,2023
1443,186,1,18575806,2023
1444,186,2,2.87,2023
1445,186,3,4617863,2023
1446,186,10,14,2023
1447,186,14,0.175,2023
1448,186,15,35672,2023
1449,186,16,27.5,2023
1450,186,17,159333,2023
1451,187,1,17254852,2023
1452,187,2,2.36,2023
1453,187,3,4233449,2023
1454,187,10,15,2023
1455,187,14,0.175,2023
1456,187,15,38887,2023
1457,187,16,27.5,2023
1458,187,17,141762,2023
1459,188,1,18520635,2023
1460,188,2,2.86,2023
1461,188,3,4813744,2023
1462,188,10,11,2023
1463,188,14,0.175,2023
1464,188,15,42667,2023
1465,188,16,27.5,2023
1466,188,17,157002,2023
1467,189,1,8842,2023
1468,189,2,7.5,2023
1469,189,3,1942,2023
1470,189,4,7.5,2023
1471,189,5,15,2023
1472,190,1,62563,2023
1473,190,2,10.55,2023
1474,190,3,48193,2023
1475,190,10,3,2023
1476,190,18,13,2023
1477,190,20,12.5,2023
1478,190,11,17.5,2023
1479,190,21,7.17,2023
1480,191,1,7500,2023
1481,191,2,7.5,2023
1482,191,3,2141,2023
1483,191,4,7.5,2023
1484,191,5,15,2023
1485,192,1,7791,2023
1486,192,2,7.5,2023
1487,192,3,2033,2023
1488,192,4,7.5,2023
1489,192,5,15,2023
1490,193,1,7500,2023
1491,193,2,7.5,2023
1492,193,3,2291,2023
1493,193,4,7.5,2023
1494,193,5,15,2023
1495,194,1,162316,2023
1496,194,2,12.5,2023
1497,194,3,114827,2023
1498,194,6,0.028,2023
1499,194,7,22.5,2023
1500,194,8,17.5,2023
1501,194,9,10146,2023
1502,194,10,1,2023
1503,194,11,12.5,2023
1504,194,12,12.5,2023
1505,195,1,7803,2023
1506,195,2,7.5,2023
1507,195,3,1822,2023
1508,195,4,7.5,2023
1509,195,5,15,2023
1510,196,1,61836,2023
1511,196,2,9.83,2023
1512,196,3,39149,2023
1513,196,10,3,2023
1514,196,18,12,2023
1515,196,20,12.5,2023
1516,196,11,17.5,2023
1517,196,21,5.36,2023
1518,197,1,153807,2023
1519,197,2,12.5,2023
1520,197,3,90954,2023
1521,197,6,0.028,2023
1522,197,7,22.5,2023
1523,197,8,17.5,2023
1524,197,9,9062,2023
1525,197,10,1,2023
1526,197,11,12.5,2023
1527,197,12,12.5,2023
1528,198,1,129020,2023
1529,198,2,12.5,2023
1530,198,3,105492,2023
1531,198,6,0.028,2023
1532,198,7,22.5,2023
1533,198,8,17.5,2023
1534,198,9,8233,2023
1535,198,10,1,2023
1536,198,11,12.5,2023
1537,198,12,12.5,2023
1538,199,1,51562,2023
1539,199,2,9,2023
1540,199,3,39918,2023
1541,199,10,2,2023
1542,199,18,10,2023
1543,199,20,12.5,2023
1544,199,11,17.5,2023
1545,199,21,6.58,2023
1546,200,1,157006,2023
1547,200,2,12.5,2023
1548,200,3,92824,2023
1549,200,6,0.028,2023
1550,200,7,22.5,2023
1551,200,8,17.5,2023
1552,200,9,10445,2023
1553,200,10,1,2023
1554,200,11,12.5,2023
1555,200,12,12.5,2023
1556,201,1,16913398,2023
1557,201,2,2.01,2023
1558,201,3,3468953,2023
1559,201,10,10,2023
1560,201,14,0.175,2023
1561,201,15,38256,2023
1562,201,16,27.5,2023
1563,201,17,141557,2023
1564,202,1,54998,2023
1565,202,2,9,2023
1566,202,3,42130,2023
1567,202,10,2,2023
1568,202,18,10,2023
1569,202,20,12.5,2023
1570,202,11,17.5,2023
1571,202,21,6.41,2023
1572,203,1,48081,2023
1573,203,2,9,2023
1574,203,3,43189,2023
1575,203,10,2,2023
1576,203,18,12,2023
1577,203,20,12.5,2023
1578,203,11,17.5,2023
1579,203,21,5.51,2023
1580,204,1,44577,2023
1581,204,2,9,2023
1582,204,3,33668,2023
1583,204,10,3,2023
1584,204,18,10,2023
1585,204,20,12.5,2023
1586,204,11,17.5,2023
1587,204,21,5.03,2023
1588,205,1,41071,2023
1589,205,2,9,2023
1590,205,3,32837,2023
1591,205,10,2,2023
1592,205,18,11,2023
1593,205,20,12.5,2023
1594,205,11,17.5,2023
1595,205,21,5.27,2023
1596,206,1,49003,2023
1597,206,2,9,2023
1598,206,3,33538,2023
1599,206,10,2,2023
1600,206,18,11,2023
1601,206,20,12.5,2023
1602,206,11,17.5,2023
1603,206,21,4.88,2023
1604,207,1,7500,2023
1605,207,2,7.5,2023
1606,207,3,2013,2023
1607,207,4,7.5,2023
1608,207,5,15,2023
1609,208,1,44057,2023
1610,208,2,9,2023
1611,208,3,37204,2023
1612,208,10,2,2023
1613,208,18,10,2023
1614,208,20,12.5,2023
1615,208,11,17.5,2023
1616,208,21,5.13,2023
1617,209,1,7500,2023
1618,209,2,7.5,2023
1619,209,3,1500,2023
1620,209,4,7.5,2023
1621,209,5,15,2023
1622,210,1,7500,2023
1623,210,2,7.5,2023
1624,210,3,1590,2023
1625,210,4,7.5,2023
1626,210,5,15,2023
1627,211,1,7500,2023
1628,211,2,7.5,2023
1629,211,3,1586,2023
1630,211,4,7.5,2023
1631,211,5,15,2023
1632,212,1,114316,2023
1633,212,2,12.5,2023
1634,212,3,67789,2023
1635,212,6,0.028,2023
1636,212,7,22.5,2023
1637,212,8,17.5,2023
1638,212,9,6687,2023
1639,212,10,1,2023
1640,212,11,12.5,2023
1641,212,12,12.5,2023
1642,213,1,39478,2023
1643,213,2,9,2023
1644,213,3,33391,2023
1645,213,10,2,2023
1646,213,18,9,2023
1647,213,20,12.5,2023
1648,213,11,17.5,2023
1649,213,21,4.43,2023
1650,214,1,7500,2023
1651,214,2,7.5,2023
1652,214,3,1536,2023
1653,214,4,7.5,2023
1654,214,5,15,2023
1655,215,1,7500,2023
1656,215,2,7.5,2023
1657,215,3,1581,2023
1658,215,4,7.5,2023
1659,215,5,15,2023
1660,216,1,12610571,2023
1661,216,2,1.71,2023
1662,216,3,2721433,2023
1663,216,10,9,2023
1664,216,14,0.175,2023
1665,216,15,30140,2023
1666,216,16,27.5,2023
1667,216,17,115493,2023
1668,217,1,38397,2023
1669,217,2,9,2023
1670,217,3,35190,2023
1671,217,10,2,2023
1672,217,18,9,2023
1673,217,20,12.5,2023
1674,217,11,17.5,2023
1675,217,21,4.64,2023
1676,218,1,13103937,2023
1677,218,2,1.49,2023
1678,218,3,3184614,2023
1679,218,10,9,2023
1680,218,14,0.175,2023
1681,218,15,29852,2023
1682,218,16,27.5,2023
1683,218,17,102891,2023
1684,219,1,95614,2023
1685,219,2,12.5,2023
1686,219,3,63229,2023
1687,219,6,0.028,2023
1688,219,7,22.5,2023
1689,219,8,17.5,2023
1690,219,9,7691,2023
1691,219,10,1,2023
1692,219,11,12.5,2023
1693,219,12,12.5,2023
1694,220,1,7500,2023
1695,220,2,7.5,2023
1696,220,3,1500,2023
1697,220,4,7.5,2023
1698,220,5,15,2023
1699,221,1,107616,2023
1700,221,2,12.5,2023
1701,221,3,75034,2023
1702,221,6,0.028,2023
1703,221,7,22.5,2023
1704,221,8,17.5,2023
1705,221,9,6302,2023
1706,221,10,1,2023
1707,221,11,12.5,2023
1708,221,12,12.5,2023
1709,222,1,7500,2023
1710,222,2,7.5,2023
1711,222,3,1560,2023
1712,222,4,7.5,2023
1713,222,5,15,2023
1714,223,1,7500,2023
1715,223,2,7.5,2023
1716,223,3,1500,2023
1717,223,4,7.5,2023
1718,223,5,15,2023
1719,224,1,36867,2023
1720,224,2,9,2023
1721,224,3,30202,2023
1722,224,10,2,2023
1723,224,18,8,2023
1724,224,20,12.5,2023
1725,224,11,17.5,2023
1726,224,21,4,2023
1727,225,1,7500,2023
1728,225,2,7.5,2023
1729,225,3,1500,2023
1730,225,4,7.5,2023
1731,225,5,15,2023
1732,226,1,7500,2023
1733,226,2,7.5,2023
1734,226,3,1500,2023
1735,226,4,7.5,2023
1736,226,5,15,2023
1737,227,1,7500,2023
1738,227,2,7.5,2023
1739,227,3,1500,2023
1740,227,4,7.5,2023
1741,227,5,15,2023
1742,228,1,32609,2023
1743,228,2,9,2023
1744,228,3,26579,2023
1745,228,10,2,2023
1746,228,18,8,2023
1747,228,20,12.5,2023
1748,228,11,17.5,2023
1749,228,21,4.18,2023
1750,229,1,7500,2023
1751,229,2,7.5,2023
1752,229,3,1510,2023
1753,229,4,7.5,2023
1754,229,5,15,2023
1755,230,1,10502926,2023
1756,230,2,1.53,2023
1757,230,3,2482764,2023
1758,230,10,8,2023
1759,230,14,0.175,2023
1760,230,15,28521,2023
1761,230,16,27.5,2023
1762,230,17,87066,2023
1763,231,1,7500,2023
1764,231,2,7.5,2023
1765,231,3,1500,2023
1766,231,4,7.5,2023
1767,231,5,15,2023
1768,232,1,7500,2023
1769,232,2,7.5,2023
1770,232,3,1500,2023
1771,232,4,7.5,2023
1772,232,5,15,2023
1773,233,1,27859,2023
1774,233,2,9,2023
1775,233,3,21543,2023
1776,233,10,1,2023
1777,233,18,8,2023
1778,233,20,12.5,2023
1779,233,11,17.5,2023
1780,233,21,4,2023
1781,234,1,24424,2023
1782,234,2,9,2023
1783,234,3,22136,2023
1784,234,10,1,2023
1785,234,18,8,2023
1786,234,20,12.5,2023
1787,234,11,17.5,2023
1788,234,21,4,2023
1789,235,1,11405696,2023
1790,235,2,1.49,2023
1791,235,3,2702233,2023
1792,235,10,9,2023
1793,235,14,0.175,2023
1794,235,15,25000,2023
1795,235,16,27.5,2023
1796,235,17,86009,2023
1797,236,1,102321,2023
1798,236,2,12.5,2023
1799,236,3,66391,2023
1800,236,6,0.028,2023
1801,236,7,22.5,2023
1802,236,8,17.5,2023
1803,236,9,5725,2023
1804,236,10,1,2023
1805,236,11,12.5,2023
1806,236,12,12.5,2023
1807,237,1,85498,2023
1808,237,2,12.5,2023
1809,237,3,55028,2023
1810,237,6,0.028,2023
1811,237,7,22.5,2023
1812,237,8,17.5,2023
1813,237,9,5488,2023
1814,237,10,1,2023
1815,237,11,12.5,2023
1816,237,12,12.5,2023
1817,238,1,12168960,2023
1818,238,2,1.7,2023
1819,238,3,2971730,2023
1820,238,10,8,2023
1821,238,14,0.175,2023
1822,238,15,27170,2023
1823,238,16,27.5,2023
1824,238,17,101032,2023
1825,239,1,9479353,2023
1826,239,2,1.46,2023
1827,239,3,2556291,2023
1828,239,10,8,2023
1829,239,14,0.175,2023
1830,239,15,25102,2023
1831,239,16,27.5,2023
1832,239,17,110390,2023
1833,240,1,7500,2023
1834,240,2,7.5,2023
1835,240,3,1500,2023
1836,240,4,7.5,2023
1837,240,5,15,2023
1838,241,1,7500,2023
1839,241,2,7.5,2023
1840,241,3,1519,2023
1841,242,4,7.5,2023
1842,242,5,15,2023
1843,242,1,10204243,2023
1844,242,2,1.44,2023
1845,242,3,2697309,2023
1846,242,10,8,2023
1847,242,14,0.175,2023
1848,242,15,26997,2023
1849,242,16,27.5,2023
1850,242,17,110653,2023
1851,243,1,11332023,2023
1852,243,2,1.53,2023
1853,243,3,2777940,2023
1854,243,10,8,2023
1855,243,14,0.175,2023
1856,243,15,26194,2023
1857,243,16,27.5,2023
1858,243,17,94479,2023
1859,244,1,12598344,2023
1860,244,2,1.76,2023
1861,244,3,2471346,2023
1862,244,10,8,2023
1863,244,14,0.175,2023
1864,244,15,27709,2023
1865,244,16,27.5,2023
1866,245,17,90689,2023
1867,245,1,7500,2023
1868,245,2,7.5,2023
1869,245,3,1500,2023
1870,245,4,7.5,2023
1871,245,5,15,2023
1872,246,1,10008339,2023
1873,246,2,1.59,2023
1874,246,3,2597417,2023
1875,246,10,8,2023
1876,246,14,0.175,2023
1877,246,15,26930,2023
1878,246,16,27.5,2023
1879,246,17,94325,2023
1880,247,1,95823,2023
1881,247,2,12.5,2023
1882,247,3,52489,2023
1883,247,6,0.028,2023
1884,247,7,22.5,2023
1885,247,8,17.5,2023
1886,247,9,6064,2023
1887,247,10,1,2023
1888,247,11,12.5,2023
1889,247,12,12.5,2023
1890,248,1,9673684,2023
1891,248,2,1.32,2023
1892,248,3,2403353,2023
1893,248,10,9,2023
1894,248,14,0.175,2023
1895,248,15,28736,2023
1896,248,16,27.5,2023
1897,248,17,107653,2023
1898,249,1,92557,2023
1899,249,2,12.5,2023
1900,249,3,54404,2023
1901,249,6,0.028,2023
1902,249,7,22.5,2023
1903,249,8,17.5,2023
1904,249,9,5766,2023
1905,249,10,1,2023
1906,249,11,12.5,2023
1907,249,12,12.5,2023
1908,250,1,24997,2023
1909,250,2,9,2023
1910,250,3,15837,2023
1911,250,10,1,2023
1912,250,18,8,2023
1913,250,20,12.5,2023
1914,250,11,17.5,2023
1915,250,21,4,2023
1916,251,1,7500,2023
1917,251,2,7.5,2023
1918,251,3,1537,2023
1919,251,4,7.5,2023
1920,251,5,15,2023
1921,252,1,12631556,2023
1922,252,2,1.74,2023
1923,252,3,2798640,2023
1924,252,10,8,2023
1925,252,14,0.175,2023
1926,252,15,25000,2023
1927,252,16,27.5,2023
1928,252,17,85746,2023
1929,253,1,79497,2023
1930,253,2,12.5,2023
1931,253,3,58757,2023
1932,253,6,0.028,2023
1933,253,7,22.5,2023
1934,253,8,17.5,2023
1935,253,9,6551,2023
1936,253,10,1,2023
1937,253,11,12.5,2023
1938,253,12,12.5,2023
1939,254,1,102345,2023
1940,254,2,12.5,2023
1941,254,3,57055,2023
1942,254,6,0.028,2023
1943,254,7,22.5,2023
1944,254,8,17.5,2023
1945,254,9,6586,2023
1946,254,10,1,2023
1947,254,11,12.5,2023
1948,254,12,12.5,2023
1949,255,1,26358,2023
1950,255,2,9,2023
1951,255,3,15463,2023
1952,255,10,1,2023
1953,255,18,8,2023
1954,255,20,12.5,2023
1955,255,11,17.5,2023
1956,255,21,4,2023
1957,256,1,12207868,2023
1958,256,2,1.37,2023
1959,256,3,2908087,2023
1960,256,10,9,2023
1961,256,14,0.175,2023
1962,256,15,26516,2023
1963,256,16,27.5,2023
1964,256,17,84387,2023
1965,257,1,7500,2023
1966,257,2,7.5,2023
1967,257,3,1500,2023
1968,257,4,7.5,2023
1969,257,5,15,2023
1970,258,1,7500,2023
1971,258,2,7.5,2023
1972,258,3,1500,2023
1973,258,4,7.5,2023
1974,258,5,15,2023
1975,259,1,10645513,2023
1976,259,2,1.5,2023
1977,259,3,3099594,2023
1978,259,10,8,2023
1979,259,14,0.175,2023
1980,259,15,25000,2023
1981,259,16,27.5,2023
1982,259,17,90585,2023
1983,260,1,7500,2023
1984,260,2,7.5,2023
1985,260,3,1500,2023
1986,260,4,7.5,2023
1987,260,5,15,2023
1988,261,1,7500,2023
1989,261,2,7.5,2023
1990,261,3,1500,2023
1991,261,4,7.5,2023
1992,261,5,15,2023
1993,262,1,7500,2023
1994,262,2,7.5,2023
1995,262,3,1500,2023
1996,262,4,7.5,2023
1997,262,5,15,2023
1998,263,1,7500,2023
1999,263,2,7.5,2023
2000,263,3,1500,2023
2001,263,4,7.5,2023
2002,263,5,15,2023
2003,264,1,7500,2023
2004,264,2,7.5,2023
2005,264,3,1500,2023
2006,264,4,7.5,2023
2007,264,5,15,2023
2008,265,1,1555053,2023
2009,265,2,100,2023
2010,265,3,1146662,2023
2011,265,6,0.137,2023
2012,265,7,100,2023
2013,265,8,100,2023
2014,265,9,133316,2023
2015,265,10,14,2023
2016,265,11,97.48,2023
2017,265,12,79.8,2023
2018,266,1,75787,2023
2019,266,2,65.21,2023
2020,266,3,24825,2023
2021,266,4,71.14,2023
2022,266,5,84.02,2023
2023,267,1,549852,2023
2024,267,2,82.5,2023
2025,267,3,525000,2023
2026,267,10,30,2023
2027,267,18,125,2023
2028,267,20,97.5,2023
2029,267,11,100,2023
2030,267,21,67.5,2023
2031,268,1,168543849,2023
2032,268,2,28.75,2023
2033,268,3,38271288,2023
2034,268,10,144,2023
2035,268,14,1,2023
2036,268,15,374635,2023
2037,268,16,100,2023
2038,268,17,1376175,2023
2039,269,1,71521,2023
2040,269,2,50.9,2023
2041,269,3,18860,2023
2042,269,4,50.5,2023
2043,269,5,67.11,2023
2044,270,1,70141,2023
2045,270,2,49.16,2023
2046,270,3,21237,2023
2047,270,4,55.52,2023
2048,270,5,87.33,2023
2049,271,1,79704,2023
2050,271,2,59.6,2023
2051,271,3,21836,2023
2052,271,4,49.6,2023
2053,271,5,68.03,2023
2054,272,1,153295473,2023
2055,272,2,24.22,2023
2056,272,3,37720465,2023
2057,272,10,111,2023
2058,272,14,0.874,2023
2059,272,15,366633,2023
2060,272,16,89.72,2023
2061,272,17,1624084,2023
2062,273,1,1476071,2023
2063,273,2,100,2023
2064,273,3,1126154,2023
2065,273,6,0.116,2023
2066,273,7,100,2023
2067,273,8,100,2023
2068,273,9,98746,2023
2069,273,10,12,2023
2070,273,11,82.7,2023
2071,273,12,69.13,2023
2072,274,1,78847,2023
2073,274,2,55.67,2023
2074,274,3,22457,2023
2075,274,4,59.73,2023
2076,274,5,82.34,2023
2077,275,1,74270,2023
2078,275,2,44.78,2023
2079,275,3,17730,2023
2080,275,4,59.01,2023
2081,275,5,81.9,2023
2082,276,1,76970,2023
2083,276,2,51.05,2023
2084,276,3,17849,2023
2085,276,4,48.8,2023
2086,276,5,79.42,2023
2087,277,1,72855,2023
2088,277,2,49.28,2023
2089,277,3,20305,2023
2090,277,4,46.08,2023
2091,277,5,76.11,2023
2092,278,1,59087,2023
2093,278,2,53.7,2023
2094,278,3,20979,2023
2095,278,4,54.9,2023
2096,278,5,73.93,2023
2097,279,1,157866531,2023
2098,279,2,20.31,2023
2099,279,3,36699477,2023
2100,279,10,116,2023
2101,279,14,0.698,2023
2102,279,15,353906,2023
2103,279,16,87.89,2023
2104,279,17,1362139,2023
2105,280,1,66235,2023
2106,280,2,43.41,2023
2107,280,3,21301,2023
2108,280,4,50.54,2023
2109,280,5,73.96,2023
2110,281,1,1133407,2023
2111,281,2,69.04,2023
2112,281,3,840046,2023
2113,281,6,0.094,2023
2114,281,7,86.51,2023
2115,281,8,82.45,2023
2116,281,9,68316,2023
2117,281,10,9,2023
2118,281,11,53.66,2023
2119,281,12,58.1,2023
2120,282,1,9711967,2023
2121,282,2,1.57,2023
2122,282,3,2880083,2023
2123,282,10,9,2023
2124,282,14,0.175,2023
2125,282,15,25000,2023
2126,282,16,27.5,2023
2127,282,17,99463,2023
2128,283,1,266135,2023
2129,283,2,14.27,2023
2130,283,3,159838,2023
2131,283,6,0.028,2023
2132,283,7,22.5,2023
2133,283,8,18.64,2023
2134,283,9,14270,2023
2135,283,10,2,2023
2136,283,11,13.64,2023
2137,283,12,12.6,2023
2138,284,1,35963024,2023
2139,284,2,4.75,2023
2140,284,3,9377693,2023
2141,284,10,26,2023
2142,284,14,0.208,2023
2143,284,15,73949,2023
2144,284,16,27.5,2023
2145,284,17,370981,2023
2146,285,1,69885549,2023
2147,285,2,11.18,2023
2148,285,3,18964571,2023
2149,285,10,53,2023
2150,285,14,0.433,2023
2151,285,15,192508,2023
2152,285,16,51.39,2023
2153,285,17,598598,2023
2154,286,1,144192904,2023
2155,286,2,21.95,2023
2156,286,3,35292310,2023
2157,286,10,133,2023
2158,286,14,0.743,2023
2159,286,15,365214,2023
2160,286,16,98.65,2023
2161,286,17,1563158,2023
2162,287,1,171423348,2023
2163,287,2,19.72,2023
2164,287,3,42071909,2023
2165,287,10,103,2023
2166,287,14,0.893,2023
2167,287,15,304985,2023
2168,287,16,95.36,2023
2169,287,17,1428209,2023
2170,288,1,141082022,2023
2171,288,2,17.53,2023
2172,288,3,31200452,2023
2173,288,10,90,2023
2174,288,14,0.731,2023
2175,288,15,327072,2023
2176,288,16,79.04,2023
2177,288,17,1066696,2023
2178,289,1,39946,2023
2179,289,2,27,2023
2180,289,3,10322,2023
2181,289,4,27.02,2023
2182,289,5,35.57,2023
2183,290,1,87248,2023
2184,290,2,12.5,2023
2185,290,3,56293,2023
2186,290,6,0.028,2023
2187,290,7,22.5,2023
2188,290,8,17.5,2023
2189,290,9,5473,2023
2190,290,10,1,2023
2191,290,11,12.5,2023
2192,290,12,12.5,2023
